{
    "window": {
        "mode": "light", 
        "color": "green",
        "title": "UVSIM", 
        "background": "white"
    },
    "welcome_label": {
      "text": "Welcome to UVSim",
      "grid": {
        "row": 1,
        "column": 1,
        "padx": 20,
        "pady": 10,
        "columnspan": 2
      }
    },
    "filepath_lbl": {
      "text": "no filepath open",
      "grid": {
        "row": 2,
        "column": 2,
        "padx": 20,
        "pady": 10
      }
    },
    "filepath_btn": {
      "text": "open txt file",
      "grid": {
        "row": 2,
        "column": 1,
        "padx": 20,
        "pady": 10
      }
    },
    "con_editor_btn": {
      "text": "Continue",
      "grid": {
        "row": 3,
        "column": 1,
        "padx": 20,
        "pady": 10
      }
    },
    "editor_label": {
      "text": "UVSim Memory Editor",
      "grid": {
        "row": 1,
        "column": 1,
        "columnspan": 4,
        "padx": 20,
        "pady": 10
      }
    },
    "value_label": {
      "text": "Value:",
      "grid": {
        "row": 2,
        "column": 1,
        "padx": 20,
        "pady": 10
      }
    },
    "pos_label": {
      "text": "Position:",
      "grid": {
        "row": 3,
        "column": 1,
        "padx": 20,
        "pady": 10
      }
    },
    "cur_mem_label": {
      "text": "Current Memory:",
      "grid": {
        "row": 2,
        "column": 3,
        "columnspan": 2,
        "padx": 20,
        "pady": 10
      }
    },
    "insert_btn": {
      "text": "Insert",
      "grid": {
        "row": 4,
        "column": 1,
        "columnspan": 2,
        "padx": 20,
        "pady": 10
      }
    },
    "del_btn": {
      "text": "Delete",
      "grid": {
        "row": 5,
        "column": 1,
        "columnspan": 2,
        "padx": 20,
        "pady": 10
      }
    },
    "cpy_btn": {
      "text": "Copy",
      "grid": {
        "row": 6,
        "column": 1,
        "columnspan": 2,
        "padx": 20,
        "pady": 10
      }
    },
    "cut_btn": {
      "text": "Cut",
      "grid": {
        "row": 7,
        "column": 1,
        "columnspan": 2,
        "padx": 20,
        "pady": 10
      }
    },
    "paste_btn": {
      "text": "Paste",
      "grid": {
        "row": 8,
        "column": 1,
        "columnspan": 2,
        "padx": 20,
        "pady": 10
      }
    },
    "save_btn": {
      "text": "Save",
      "grid": {
        "row": 9,
        "column": 1,
        "padx": 20,
        "pady": 10
      }
    },
    "run_btn": {
      "text": "Run",
      "grid": {
        "row": 9,
        "column": 1,
        "padx": 20,
        "pady": 10
      }
    },
    "help_btn": {
      "text": "Help",
      "grid": {
        "row": 9,
        "column": 2,
        "padx": 20,
        "pady": 10
      }
    },
    "value_entry": {
      "grid": {
        "row": 2,
        "column": 2,
        "padx": 20,
        "pady": 10
      }
    },
    "pos_entry": {
      "grid": {
        "row": 3,
        "column": 2,
        "padx": 20,
        "pady": 10
      }
    },
    "edit_mem_textbox": {
      "grid": {
        "row": 3,
        "column": 3,
        "padx": 20,
        "pady": 10,
        "rowspan": 10
      }
    },
    "results_label": {
      "text": "Run UVSim",
      "grid": {
        "row": 1,
        "column": 1,
        "columnspan": 4,
        "padx": 20,
        "pady": 10
      }
    },
    "ops_traceback_label": {
      "text": "Operations Traceback:",
      "grid": {
        "row": 2,
        "column": 1,
        "columnspan": 2,
        "padx": 20,
        "pady": 10
      }
    },
    "final_mem_label": {
      "text": "Final Memory Contents",
      "grid": {
        "row": 4,
        "column": 3,
        "columnspan": 4,
        "padx": 20,
        "pady": 10
      }
    },
    "read_label": {
      "text": "Read:",
      "grid": {
        "row": 2,
        "column": 3,
        "padx": 20,
        "pady": 10
      }
    },
    "read_cont_btn": {
      "text": "Continue",
      "grid": {
        "row": 3,
        "column": 4,
        "padx": 20,
        "pady": 10
      }
    },
    "startover_btn": {
      "text": "Start Over",
      "grid": {
        "row": 9,
        "column": 4,
        "padx": 20,
        "pady": 10
      }
    },
    "entry_help_btn": {
      "text": "Help",
      "grid": {
        "row": 9,
        "column": 1,
        "padx": 20,
        "pady": 10
      }
    },
    "read_entry": {
      "grid": {
        "row": 2,
        "column": 4,
        "padx": 20,
        "pady": 10
      }
    },
    "run_results": {
      "grid": {
        "row": 3,
        "column": 2,
        "padx": 20,
        "pady": 10
      }
    },
    "scrollbar":{
      "grid": {
        "row": 3, 
        "column": 4,
        "padx": 20,
        "pady": 10,
        "rowspan": 5,
        "sticky": "nw"
      }
    }, 
    "final_mem":{
      "grid": {
        "row": 5,
        "column": 3, 
        "padx": 20, 
        "pady": 10
      }
    }
  }
  